name,type,ra_hours,dec_degrees,magnitude,size_arcmin
Cr 3,OCl,0.520000,63.396944,9.40,
Cr 10,OCl,1.138861,61.583889,,11.20
Cr 17,OCl,1.718333,64.038333,8.20,3.60
Cr 21,OCl,1.836000,27.115000,8.20,
Cr 24,OCl,2.316056,57.133889,,16.30
Cr 25,OCl,2.372278,57.148889,,15.00
Cr 26,OCl,2.547333,61.471111,,13.30
Cr 32,OCl,2.857000,60.418889,6.50,24.00
Cr 33,OCl,2.988333,60.400000,5.90,
Cr 34,OCl,2.989722,60.566670,6.80,
Cr 35,OCl,3.099056,44.383056,12.60,3.00
Cr 39,OCl,3.441139,48.975000,,243.20
Cr 41,OCl,3.742139,32.158889,,480.00
Cr 44,OCl,4.074056,52.668056,9.60,4.00
Cr 50,OCl,4.496472,16.948056,,
Cr 53,OCl,4.676667,50.461667,11.80,3.80
Cr 60,OCl,5.209278,16.696111,,16.00
Cr 61,OCl,5.180200,16.522000,7.00,15.00
Cr 62,OCl,5.371800,41.025000,4.20,
Cr 64,OCl,5.432000,46.493056,12.00,3.00
Cr 65,OCl,5.435000,16.700000,,
Cr 69,OCl,5.586139,9.813056,2.80,360.00
Cr 70,OCl,5.591667,-1.100000,,
Cr 74,OCl,5.811333,7.373889,14.40,7.60
Cr 76,OCl,5.896806,0.403056,9.10,20.80
Cr 78,OCl,6.043861,49.883056,,12.00
Cr 79,OCl,6.048944,10.451111,,8.80
Cr 80,OCl,6.078889,24.091667,8.40,5.60
Cr 87,OCl,6.229333,12.813056,8.50,9.00
Cr 89,OCl,6.300000,23.633333,5.70,
Cr 91,OCl,6.364000,2.374000,6.40,
Cr 92,OCl,6.382000,5.100000,8.60,
Cr 94,OCl,6.494389,6.833889,8.50,8.40
Cr 95,OCl,6.519194,9.893889,,20.50
Cr 96,OCl,6.508467,2.845000,7.30,
Cr 97,OCl,6.521667,5.916667,5.40,
Cr 104,OCl,6.607467,4.773000,9.60,
Cr 105,OCl,6.608389,9.465000,,16.10
Cr 106,OCl,6.618528,6.001944,4.60,22.30
Cr 107,OCl,6.613528,4.971944,5.10,46.80
Cr 109,OCl,6.660278,1.146667,,5.30
Cr 110,OCl,6.645139,2.068889,10.50,18.80
Cr 111,OCl,6.647200,6.915000,7.00,
Cr 115,OCl,6.777278,1.776111,9.20,10.40
Cr 116,OCl,6.806056,41.060000,5.40,50.00
Cr 117,OCl,6.794389,-3.166944,7.50,8.90
Cr 121,OCl,6.938889,-24.730000,2.60,
Cr 122,OCl,6.934667,-7.180000,,6.20
Cr 123,OCl,6.963667,-4.616111,9.60,7.10
Cr 126,OCl,7.112000,27.255000,8.50,
Cr 131,OCl,7.233528,-25.723889,6.50,18.20
Cr 132,OCl,7.232333,-30.758056,3.60,160.00
Cr 133,OCl,7.283139,13.771944,9.70,7.00
Cr 135,OCl,7.290806,-37.043889,,136.60
Cr 138,OCl,7.349444,-10.378333,11.80,
Cr 140,OCl,7.392139,-31.966111,,68.20
Cr 144,OCl,7.451600,13.584000,,14.00
Cr 145,OCl,7.440533,-24.190000,10.00,
Cr 147,OCl,7.438194,-47.685000,,10.60
Cr 154,OCl,7.640139,21.575000,8.30,6.40
Cr 155,OCl,7.625528,-12.065000,7.10,9.00
Cr 157,OCl,7.681528,-19.078056,10.20,7.40
Cr 160,OCl,7.742722,-23.853056,,24.20
Cr 161,OCl,7.756667,-37.966667,,
Cr 170,OCl,8.000667,-10.773056,7.60,10.60
Cr 173,OCl,8.046945,-46.383340,,
Cr 174,OCl,8.083056,-28.121944,6.50,49.00
Cr 175,OCl,8.118194,-29.871944,7.60,6.60
Cr 184,OCl,8.390722,-29.503056,9.20,13.90
Cr 185,OCl,8.388861,-36.348889,7.80,15.00
Cr 187,OCl,8.403400,-29.170000,9.60,
Cr 188,OCl,8.620611,-29.951944,8.40,10.40
Cr 190,OCl,8.641278,-34.776944,11.20,6.80
Cr 192,OCl,8.702056,-48.090000,4.60,25.10
Cr 196,OCl,8.750533,-31.625000,10.50,
Cr 197,OCl,8.746806,-41.280000,6.70,18.00
Cr 198,OCl,8.755000,-31.766670,11.20,
Cr 205,OCl,9.008056,-48.983333,,5.60
Cr 207,OCl,9.323333,-40.516667,12.50,3.20
Cr 213,OCl,9.915722,-50.951111,9.20,
Cr 217,OCl,10.108056,-60.290000,8.80,5.90
Cr 219,OCl,10.396806,-60.141944,11.30,5.40
Cr 220,OCl,10.428611,-57.921944,,13.10
Cr 223,OCl,10.537778,-60.020000,9.40,
Cr 224,OCl,10.598000,-58.231111,,13.00
Cr 228,OCl,10.733333,-60.086667,,
Cr 229,OCl,10.707528,-64.426111,,173.90
Cr 232,OCl,10.744167,-59.560000,,
Cr 234,OCl,10.753333,-59.750000,,
Cr 236,OCl,10.956000,-61.120000,,
Cr 237,OCl,10.991806,-60.335000,8.20,11.20
Cr 240,OCl,11.194445,-60.309720,3.90,
Cr 245,OCl,11.291528,-62.718889,8.20,20.50
Cr 248,OCl,11.604056,-61.616111,5.30,13.90
Cr 249,OCl,11.644167,-63.386667,,18.50
Cr 252,OCl,12.108528,-61.245000,7.40,13.80
Cr 256,OCl,12.400944,25.651944,,
Cr 257,OCl,12.412777,-60.886670,,
Cr 258,OCl,12.453194,-60.766944,7.10,15.40
Cr 261,OCl,12.634611,-68.376944,10.70,13.00
Cr 268,OCl,13.302861,-67.078889,9.50,9.60
Cr 269,OCl,13.399472,-66.203889,,16.40
Cr 271,OCl,13.496861,-64.198889,8.70,5.90
Cr 272,OCl,13.505722,-61.318889,7.70,10.00
Cr 274,OCl,13.537778,-62.786667,7.70,5.00
Cr 275,OCl,13.575467,-60.213000,10.20,
Cr 276,OCl,13.774278,-62.916111,5.90,7.00
Cr 277,OCl,13.803861,-66.066111,9.20,16.90
Cr 278,OCl,13.812861,-64.680000,11.80,5.30
Cr 281,OCl,14.463056,-59.631667,,3.00
Cr 285,OCl,14.681667,69.566667,,
Cr 292,OCl,15.827333,-57.593889,7.90,11.40
Cr 297,OCl,16.127222,-54.013333,8.50,3.00
Cr 299,OCl,16.323944,-54.956944,,42.50
Cr 302,OCl,16.392528,-26.522500,,189.00
Cr 303,OCl,16.463528,-49.161111,7.20,6.00
Cr 307,OCl,16.586139,-50.990000,,7.60
Cr 309,OCl,16.671806,-43.355000,,10.10
Cr 312,OCl,16.769167,-47.026667,8.20,5.00
Cr 313,OCl,16.822389,-53.713889,7.20,19.40
Cr 315,OCl,16.903000,-41.811944,,120.00
Cr 316,OCl,16.924999,-40.833330,3.40,
Cr 318,OCl,16.925000,-40.833333,,
Cr 323,OCl,17.034944,-39.721111,,6.00
Cr 332,OCl,17.513333,-37.083333,8.90,
Cr 333,OCl,17.525000,-34.016667,9.80,7.00
Cr 336,OCl,17.605556,-33.516667,6.70,6.00
Cr 338,OCl,17.632194,-37.656944,8.00,29.00
Cr 345,OCl,17.743056,-33.866667,,
Cr 347,OCl,17.773000,-29.325000,8.80,10.00
Cr 349,OCl,17.770278,5.615000,,60.70
Cr 350,OCl,17.801194,1.525000,6.10,94.30
Cr 351,OCl,17.817333,-28.745000,9.30,8.40
Cr 359,OCl,18.039861,3.260000,,187.40
Cr 360,OCl,18.045000,-22.971667,,28.00
Cr 367,OCl,18.164167,-23.828333,6.40,
Cr 373,OCl,18.300833,-12.241667,,
Cr 374,OCl,18.307722,-18.408889,11.10,6.00
Cr 384,OCl,18.557278,-10.398889,8.90,5.00
Cr 391,OCl,18.851056,-6.271944,5.80,8.90
Cr 393,OCl,18.907722,-19.888056,7.50,11.90
Cr 394,OCl,18.872806,-20.228889,6.30,23.50
Cr 399,OCl,19.423333,20.183333,3.60,
Cr 400,OCl,19.510056,20.261944,8.80,3.34
Cr 401,OCl,19.640000,0.316667,,
Cr 404,OCl,19.707778,23.087778,,0.80
Cr 408,OCl,19.888056,18.345000,7.70,9.50
Cr 411,OCl,20.280000,-79.040000,,
Cr 416,OCl,20.193667,26.531944,,14.90
Cr 419,OCl,20.302278,40.731944,,7.00
Cr 421,OCl,20.388611,41.701111,10.10,17.20
Cr 426,OCl,20.983333,-12.633333,,
Cr 427,OCl,20.991667,68.166667,13.80,
Cr 428,OCl,21.051200,44.560000,8.70,
Cr 432,OCl,21.202194,47.770000,8.80,5.20
Cr 433,OCl,21.218944,42.493889,12.00,5.80
Cr 439,OCl,21.649667,57.513889,,146.00
Cr 442,OCl,21.752667,65.781944,9.30,8.00
Cr 445,OCl,22.175000,52.858056,9.00,10.90
Cr 446,OCl,22.173667,55.398056,9.60,2.30
Cr 457,OCl,23.831472,68.035000,,20.40
Cr 458,OCl,5.458867,7.075000,,
Cr 463,OCl,1.802056,71.738056,,73.00
Cr 464,OCl,5.210833,73.974720,4.20,
Cr 465,OCl,7.114000,-10.520000,,
Cr 466,OCl,7.115556,-10.715000,,4.00
Cr 467,OCl,7.655000,-10.550000,11.80,
Cr 468,OCl,18.108667,-27.447000,13.40,
Cr 469,OCl,18.276194,-18.308889,9.10,3.00
Cr 470,OCl,21.891467,47.246000,,8.20
Cr 471,OCl,22.112533,71.975000,,347.00
